2021-02-01 04:31:42.386376,2021-02-01 04:31:42.386376,6761863561348431875,5048019-2,5048019,1612153885,NULL,4,"21,2",cennzx,addLiquidity,"[{""name"":""asset_id"",""type"":""Compact<AssetId>"",""value"":0},{""name"":""min_liquidity"",""type"":""Compact<BalanceOf>"",""value"":10000},{""name"":""max_asset_amount"",""type"":""Compact<BalanceOf>"",""value"":20000},{""name"":""core_amount"",""type"":""Compact<BalanceOf>"",""value"":10000}]",NULL,5Fv63SGvkQV8ihfmiXRCp8xUJKZZ1vkQuC9NYGUYTc9LmusK,NULL,0x8211b40cf1340cb17394d9e24b19a9127c6aa018bf8b59f82a7da0e0452e9919ce67886867dab9cdc800368251cab186ac8cfd56f89f78550f057c653fc6f685,9,F604,0x7cbcf10285ea40c2afea636bb48675b04f0bc58d6fb207de62e43932dfa6e66b,1,0,11817,1,NULL
2021-02-01 04:32:18.081686,2021-02-01 04:32:18.081686,6761863711072501763,5048026-2,5048026,1612153920,NULL,4,"21,2",cennzx,addLiquidity,"[{""name"":""asset_id"",""type"":""Compact<AssetId>"",""value"":1},{""name"":""min_liquidity"",""type"":""Compact<BalanceOf>"",""value"":10000},{""name"":""max_asset_amount"",""type"":""Compact<BalanceOf>"",""value"":20000},{""name"":""core_amount"",""type"":""Compact<BalanceOf>"",""value"":10000}]",NULL,5Fv63SGvkQV8ihfmiXRCp8xUJKZZ1vkQuC9NYGUYTc9LmusK,NULL,0x16def10902527dde2ae72cf135b379d1d703599404db407105764cf392ef3d221bdce5cc49688f57eb39c01817d2e49cded1204fe90eec0a284301911593f083,10,7605,0x7598656887ca5855ce5eb1acdb6482edaa52cd822c139496431cf67de0af2052,1,0,11817,1,NULL
2021-02-01 04:56:11.056378,2021-02-01 04:56:11.056378,6761869721107480579,5048313-2,5048313,1612155355,NULL,4,"21,2",cennzx,addLiquidity,"[{""name"":""asset_id"",""type"":""Compact<AssetId>"",""value"":1},{""name"":""min_liquidity"",""type"":""Compact<BalanceOf>"",""value"":0},{""name"":""max_asset_amount"",""type"":""Compact<BalanceOf>"",""value"":20000},{""name"":""core_amount"",""type"":""Compact<BalanceOf>"",""value"":10000}]",NULL,5FEqA9Z7Dz26WA5ekScjj7X3XD3GY1XU8p9JwQPtqAEUUxJ3,NULL,0x3e3023aa6de0a74b1f50d27e08c2f2d9d7d8ca3d4a85530b0d0d244004716e18bc0d7fb5401266a5648de02227a841a6672c7a52484091bae9398f17e4d74181,23,6607,0x9db605f9f3903686192056e73c959fb14035becb1f7761a40711534ae03a90c2,1,0,11717,1,NULL
2021-02-01 05:58:21.865233,2021-02-01 05:58:21.865233,6761885369548193795,5049059-2,5049059,1612159085,NULL,4,"21,2",cennzx,addLiquidity,"[{""name"":""asset_id"",""type"":""Compact<AssetId>"",""value"":1},{""name"":""min_liquidity"",""type"":""Compact<BalanceOf>"",""value"":0},{""name"":""max_asset_amount"",""type"":""Compact<BalanceOf>"",""value"":20000},{""name"":""core_amount"",""type"":""Compact<BalanceOf>"",""value"":10000}]",NULL,5FEqA9Z7Dz26WA5ekScjj7X3XD3GY1XU8p9JwQPtqAEUUxJ3,NULL,0x9a04bdb8a2d0be2cf0a2e0b82d0ff19ef2468696ec033615bcf332ba13f92b191054c0d4fe31821bbbad563bf9b6ee9bb9c3320d0d716f894e8200969df4b881,24,F605,0x75f7c4df5fc83414d34cc792b3338194212072f4999053c5f156b510faa442b1,1,0,11717,1,NULL
2021-02-01 06:01:09.469405,2021-02-01 06:01:09.469405,6761886072534515715,5049093-2,5049093,1612159255,NULL,4,"21,2",cennzx,addLiquidity,"[{""name"":""asset_id"",""type"":""Compact<AssetId>"",""value"":0},{""name"":""min_liquidity"",""type"":""Compact<BalanceOf>"",""value"":1},{""name"":""max_asset_amount"",""type"":""Compact<BalanceOf>"",""value"":20000},{""name"":""core_amount"",""type"":""Compact<BalanceOf>"",""value"":10000}]",NULL,5Fv63SGvkQV8ihfmiXRCp8xUJKZZ1vkQuC9NYGUYTc9LmusK,NULL,0x528ad2286b0b1d9a2c63ee53e4497f21d9e2e64d37d83c812f170c04c1f7f736831662096da16a58ebb616068d5f4d285c092e6395e135cd804661dbbaab2782,11,1600,0xbb7375402c5ff85e1b9724568b28b9d2f757f46430ed262911649a76efc379d7,1,0,11717,1,NULL
2021-02-01 06:01:39.924327,2021-02-01 06:01:39.924327,6761886200259461121,5049099-2,5049099,1612159285,NULL,4,"21,2",cennzx,addLiquidity,"[{""name"":""asset_id"",""type"":""Compact<AssetId>"",""value"":1},{""name"":""min_liquidity"",""type"":""Compact<BalanceOf>"",""value"":0},{""name"":""max_asset_amount"",""type"":""Compact<BalanceOf>"",""value"":20000},{""name"":""core_amount"",""type"":""Compact<BalanceOf>"",""value"":10000}]",NULL,5Fv63SGvkQV8ihfmiXRCp8xUJKZZ1vkQuC9NYGUYTc9LmusK,NULL,0x2a5a0f868c4cf01fec3082ceaf1509ac357b515ec3aac1c577ab3dc08b80bd038ee743ef729440152a2268aaab05f0ed25ee1ab8aea4842603a9e46c4c76958f,12,8600,0x0574fcebac3acbab7fab9d4220c1d7a57e8d03a90715aa41b6cad89702c5ec3d,1,0,11717,1,NULL
2021-02-01 06:02:15.622485,2021-02-01 06:02:15.622485,6761886349840924675,5049106-2,5049106,1612159320,NULL,4,"21,2",cennzx,addLiquidity,"[{""name"":""asset_id"",""type"":""Compact<AssetId>"",""value"":1},{""name"":""min_liquidity"",""type"":""Compact<BalanceOf>"",""value"":0},{""name"":""max_asset_amount"",""type"":""Compact<BalanceOf>"",""value"":20000},{""name"":""core_amount"",""type"":""Compact<BalanceOf>"",""value"":10000}]",NULL,5FEqA9Z7Dz26WA5ekScjj7X3XD3GY1XU8p9JwQPtqAEUUxJ3,NULL,0x0a0f6d3587a585ced55d5719905993de79097f03ef22e33ca910b6cd0754c00bb6804f8693b4a119a5c97d9656d0d8214d8cdc7053c3f9c7233729ed7e3dd281,25,E600,0x968d0a7a09ad15d01c6b4556cb3519e61b2d65b0fc9cc0ebc1b0c0d650a1923b,1,0,11717,1,NULL
2021-02-01 06:02:35.964405,2021-02-01 06:02:35.964405,6761886435320840195,5049110-2,5049110,1612159340,NULL,4,"21,2",cennzx,addLiquidity,"[{""name"":""asset_id"",""type"":""Compact<AssetId>"",""value"":1},{""name"":""min_liquidity"",""type"":""Compact<BalanceOf>"",""value"":1},{""name"":""max_asset_amount"",""type"":""Compact<BalanceOf>"",""value"":20000},{""name"":""core_amount"",""type"":""Compact<BalanceOf>"",""value"":10000}]",NULL,5FEqA9Z7Dz26WA5ekScjj7X3XD3GY1XU8p9JwQPtqAEUUxJ3,NULL,0xc4d2d2e7d2e376be3e1dcefa98cf84f1ff28a38813c60d0c09bb686dc24ddb226732c87c8df4e8f8cb765379a0c9fd426043c0dabf1f6f363b94c5ba3cd0a083,26,2601,0xc2913c4abc2f84e50d14d6c2ab75a3cfef756912d06eb1bb4bc3a887b9354828,1,0,11717,1,NULL
2021-02-01 06:21:03.597339,2021-02-01 06:21:03.597339,6761891080856453123,5049331-2,5049331,1612160445,NULL,4,"21,2",cennzx,addLiquidity,"[{""name"":""asset_id"",""type"":""Compact<AssetId>"",""value"":1},{""name"":""min_liquidity"",""type"":""Compact<BalanceOf>"",""value"":0},{""name"":""max_asset_amount"",""type"":""Compact<BalanceOf>"",""value"":20000},{""name"":""core_amount"",""type"":""Compact<BalanceOf>"",""value"":10000}]",NULL,5FEqA9Z7Dz26WA5ekScjj7X3XD3GY1XU8p9JwQPtqAEUUxJ3,NULL,0xec88b4d85c508e86b5ec4855426b089568b53f1dcf2d56297cc5bd878a43097f9cc8775473e1650255443209acbe393a269658c43c1ee054449721b9161ac684,27,607,0xd140d582e2a8831db6d458088e425d819dba725160b2c8f0a6b0332ad1419c13,1,0,11717,1,NULL
2021-02-01 06:21:49.451021,2021-02-01 06:21:49.451021,6761891273391783939,5049341-2,5049341,1612160495,NULL,4,"21,2",cennzx,addLiquidity,"[{""name"":""asset_id"",""type"":""Compact<AssetId>"",""value"":1},{""name"":""min_liquidity"",""type"":""Compact<BalanceOf>"",""value"":10000},{""name"":""max_asset_amount"",""type"":""Compact<BalanceOf>"",""value"":20000},{""name"":""core_amount"",""type"":""Compact<BalanceOf>"",""value"":10000}]",NULL,5FEqA9Z7Dz26WA5ekScjj7X3XD3GY1XU8p9JwQPtqAEUUxJ3,NULL,0x0e1db1e59b059ad43dc9f64f49698801d012918869db8ae038f967cc85501f326a0043a6bce2e708db8dce43049a3bc779053894638c448737a092ef4e369e8f,28,9607,0x97be047aeab890699dc5cbd1a6d7903b5f003ff8c7dfc4796a79ce0f858d9a20,1,0,11817,1,NULL
2021-02-01 06:26:28.991487,2021-02-01 06:26:28.991487,6761892445569728512,5049396-2,5049396,1612160770,NULL,4,"21,2",cennzx,addLiquidity,"[{""name"":""asset_id"",""type"":""Compact<AssetId>"",""value"":1},{""name"":""min_liquidity"",""type"":""Compact<BalanceOf>"",""value"":0},{""name"":""max_asset_amount"",""type"":""Compact<BalanceOf>"",""value"":20000},{""name"":""core_amount"",""type"":""Compact<BalanceOf>"",""value"":10000}]",NULL,5FEqA9Z7Dz26WA5ekScjj7X3XD3GY1XU8p9JwQPtqAEUUxJ3,NULL,0x68715a2fa4967398a014c2f831cfcfdfbbeb0d1158d0805332efb5ee4e55a44300887f446fb4a9ab45154b9f1f646d2e2f20c0ee265921af4b06b3f5f235ea8b,29,603,0x6a9000779db8861d29b88e40f1941a4bfb449fe0e259bf0e7ae060147ce8a13a,1,0,11717,1,NULL
2021-02-01 06:42:25.128721,2021-02-01 06:42:25.128721,6761896456205156355,5049588-2,5049588,1612161730,NULL,4,"21,3",cennzx,removeLiquidity,"[{""name"":""asset_id"",""type"":""Compact<AssetId>"",""value"":1},{""name"":""liquidity_to_withdraw"",""type"":""Compact<BalanceOf>"",""value"":60000},{""name"":""min_asset_withdraw"",""type"":""Compact<BalanceOf>"",""value"":10000},{""name"":""min_core_withdraw"",""type"":""Compact<BalanceOf>"",""value"":10000}]",NULL,5FEqA9Z7Dz26WA5ekScjj7X3XD3GY1XU8p9JwQPtqAEUUxJ3,NULL,0xd24308270d6ee542dba0ec5bc641d37d0d0f301e72608b59778c533e449c112bdb85224a1e7434cd8746b116c24305498e75ad12f0403a1b2b251a586132d481,32,607,0xc4b65d165eeb3d5efc041d9a24328c2a09ef980a710a39add7fcc8c8bec17548,1,0,11817,1,NULL
2021-02-02 07:00:56.890481,2021-02-02 07:00:56.890481,6762263507130171395,5067077-2,5067077,1612249240,NULL,4,"21,2",cennzx,addLiquidity,"[{""name"":""asset_id"",""type"":""Compact<AssetId>"",""value"":1},{""name"":""min_liquidity"",""type"":""Compact<BalanceOf>"",""value"":0},{""name"":""max_asset_amount"",""type"":""Compact<BalanceOf>"",""value"":100000000},{""name"":""core_amount"",""type"":""Compact<BalanceOf>"",""value"":10000}]",NULL,5FEqA9Z7Dz26WA5ekScjj7X3XD3GY1XU8p9JwQPtqAEUUxJ3,NULL,0xb89390647d6da4b9d5d63ede7a2dfffeae05c652f6ceac762f5090450c214f570e744469a48fb065fc3021d4f2b856c106107648f3e16b51c2cfe8c3b7150383,34,2604,0xed02b17eca0d53e90c32e6186c6adc60110a538273f7ab020c8c359fe68a7f55,1,0,11715,1,NULL
2021-02-03 05:23:00.115129,2021-02-03 05:23:00.115129,6762601246002298883,5083169-2,5083169,1612329765,NULL,4,"21,2",cennzx,addLiquidity,"[{""name"":""asset_id"",""type"":""Compact<AssetId>"",""value"":1},{""name"":""min_liquidity"",""type"":""Compact<BalanceOf>"",""value"":0},{""name"":""max_asset_amount"",""type"":""Compact<BalanceOf>"",""value"":20000},{""name"":""core_amount"",""type"":""Compact<BalanceOf>"",""value"":10000}]",NULL,5Ckba8tr5RahbBo1Dus3VmbWJaHRCk2MFpTUPAEqdGf44T6z,NULL,0xeea7167fb84e5b53e439ca1a06143f45979cd0955537b9f35c8031afba27e60a5c02ddae0af88021ca704b707ca1a02b622fd572b903b0a618a477df531acc8f,6,E601,0xa9b6eddbc3dc6e4fb1829fcf6a4140c71d25595e5c4681a1851c72bdfd3a279a,1,0,11713,1,NULL
2021-02-03 05:41:43.584411,2021-02-03 05:41:43.584411,6762605958072156163,5083394-2,5083394,1612330890,NULL,4,"21,2",cennzx,addLiquidity,"[{""name"":""asset_id"",""type"":""Compact<AssetId>"",""value"":1},{""name"":""min_liquidity"",""type"":""Compact<BalanceOf>"",""value"":0},{""name"":""max_asset_amount"",""type"":""Compact<BalanceOf>"",""value"":200000},{""name"":""core_amount"",""type"":""Compact<BalanceOf>"",""value"":100000}]",NULL,5Ckba8tr5RahbBo1Dus3VmbWJaHRCk2MFpTUPAEqdGf44T6z,NULL,0xe6c6d0cb328fc04dee7f8b01b87be5a21b9928d8e420f8529e439163fb17ab28e0cda4780f67208a479dd7ae2a9dfb505d676322df90d88bc7ef6e190ad63083,8,E607,0x78e77835cbe603bfc20e4b8277dbf30cdceb23f6199bcb00d067d5eb310c30c7,1,0,11913,1,NULL
2021-02-03 05:58:14.430759,2021-02-03 05:58:14.430759,6762610114094743555,5083591-2,5083591,1612331875,NULL,4,"21,2",cennzx,addLiquidity,"[{""name"":""asset_id"",""type"":""Compact<AssetId>"",""value"":1},{""name"":""min_liquidity"",""type"":""Compact<BalanceOf>"",""value"":0},{""name"":""max_asset_amount"",""type"":""Compact<BalanceOf>"",""value"":200000},{""name"":""core_amount"",""type"":""Compact<BalanceOf>"",""value"":100000}]",NULL,5Ckba8tr5RahbBo1Dus3VmbWJaHRCk2MFpTUPAEqdGf44T6z,NULL,0x4e4cb1185140129ca72621ebc2ab6d4daf9a3dcd2cc78bfa65452f7bf6b0a7712305d253a72510843d953448842e91f3f1b99f4fd9007904b4ddc65ccfb5c883,9,4604,0x6906f40b155c947c53737b34065871a222d5a0b4dee6f9072aa3f77968f8b1ca,1,0,11913,1,NULL
2021-02-27 04:02:40.457335,2021-02-27 04:02:40.457335,6771278339655086080,5496293-2,5496293,1614398545,NULL,4,"21,0",cennzx,buyAsset,"[{""name"":""recipient"",""type"":""Option<AccountId>"",""value"":null},{""name"":""asset_to_sell"",""type"":""Compact<AssetId>"",""value"":2},{""name"":""asset_to_buy"",""type"":""Compact<AssetId>"",""value"":1},{""name"":""buy_amount"",""type"":""Compact<BalanceOf>"",""value"":5000},{""name"":""maximum_sell"",""type"":""Compact<BalanceOf>"",""value"":3544}]",NULL,5FEqA9Z7Dz26WA5ekScjj7X3XD3GY1XU8p9JwQPtqAEUUxJ3,NULL,0xbeb6487daeef97ee46cc2451561a2044a5b93019667de8c2a39142acfc01561a5bf58b6d0b871887c010da063e77ea0e87722879e26d2beb302611325474a086,61,1606,0xc24b43603c1971be09833f2d05147e1533700b6804522def6f36481b32a4aeef,1,0,11591,1,NULL
2021-03-02 09:38:39.265348,2021-03-02 09:38:39.265348,6772450055370584067,5551212-2,5551212,1614677905,NULL,4,"21,2",cennzx,addLiquidity,"[{""name"":""asset_id"",""type"":""Compact<AssetId>"",""value"":0},{""name"":""min_liquidity"",""type"":""Compact<BalanceOf>"",""value"":0},{""name"":""max_asset_amount"",""type"":""Compact<BalanceOf>"",""value"":0},{""name"":""core_amount"",""type"":""Compact<BalanceOf>"",""value"":0}]",NULL,5GNLSJdwxw5hfikvHnBJTLfotZP5y3pjnRhpcEksxRe3K93k,NULL,0xf8391128b77c0746863a2cd4bbe4db694211d5e5cffba9632740bd87508e8101d194fcfee85db384d31c72e426d96364c2728803b5d08b8b4c54be412d112480,4,9606,0x4a131b510b602926c9b6315fe6bd095af8ecffd200fd3cf24f1735ff29c3cc62,1,0,11289,1,NULL
2021-03-02 12:33:16.656763,2021-03-02 12:33:16.656763,6772494000750342147,5553303-2,5553303,1614688380,NULL,4,"21,0",cennzx,buyAsset,"[{""name"":""recipient"",""type"":""Option<AccountId>"",""value"":null},{""name"":""asset_to_sell"",""type"":""Compact<AssetId>"",""value"":0},{""name"":""asset_to_buy"",""type"":""Compact<AssetId>"",""value"":100},{""name"":""buy_amount"",""type"":""Compact<BalanceOf>"",""value"":0},{""name"":""maximum_sell"",""type"":""Compact<BalanceOf>"",""value"":0}]",NULL,5FRLE1vUSfzvstekE1KEQDq2yMBrDHESNunPPpq6tQ2Am3vw,NULL,0x828d5ddcdbd981109bfa72138501a22295c7ce1ef8c9d06ad0c80532dfe8cf793f83110c3149a3b942a18a9327a666420c35c0c0e6ec03faa5a9d05c7f294e81,6,3601,0x0ba511d95eb48a7e29dca8ec65a84f7a57c316bf4cc128694332917702d42218,1,0,11490,1,NULL
2021-03-02 12:33:37.000431,2021-03-02 12:33:37.000431,6772494086079262722,5553307-2,5553307,1614688400,NULL,4,"21,0",cennzx,buyAsset,"[{""name"":""recipient"",""type"":""Option<AccountId>"",""value"":null},{""name"":""asset_to_sell"",""type"":""Compact<AssetId>"",""value"":0},{""name"":""asset_to_buy"",""type"":""Compact<AssetId>"",""value"":100},{""name"":""buy_amount"",""type"":""Compact<BalanceOf>"",""value"":1000000},{""name"":""maximum_sell"",""type"":""Compact<BalanceOf>"",""value"":0}]",NULL,5FRLE1vUSfzvstekE1KEQDq2yMBrDHESNunPPpq6tQ2Am3vw,NULL,0x4c671ccc8883344c24990fb52535589525591ea6f253966b400d116d7052f2226d922f20a81ee68c30d277aa70aa76a28d1ae6f04d3680dcf2dcbb2399a07b88,7,8601,0x48db394ad789c2ad67738c0896968ac98689c6b6a0963c7a9442a6cce9179876,1,0,11790,1,NULL
2021-06-09 06:28:31.763072,2021-06-09 06:28:31.763072,6808278607601508354,7244490-1,7244490,1623220095,NULL,4,"21,2",cennzx,addLiquidity,"[{""name"":""asset_id"",""type"":""Compact<AssetId>"",""value"":1},{""name"":""min_liquidity"",""type"":""Compact<BalanceOf>"",""value"":0},{""name"":""max_asset_amount"",""type"":""Compact<BalanceOf>"",""value"":45582},{""name"":""core_amount"",""type"":""Compact<BalanceOf>"",""value"":207023}]",NULL,5GZMtB4NDGbyGXx65V7dWGa4AcV9ooHajkrwK9FH1cYoNNQH,NULL,0xde1ef020bbe1fc0b44de6c0eeb32054a574f397ab4f9323bd8b6fa4c79aae13cb823e369b3d5002f3fc856625fe6f6014f5461e4dffc298badab8b644c2ff286,1,5604,0x76ebc2484639e19ef3f022554c8f833dbf6df1ceba38638453308ce4d34e9651,1,0,11887,1,NULL
2021-06-09 13:07:52.694359,2021-06-09 13:07:52.694359,6808379107038633986,7249248-1,7249248,1623244055,NULL,4,"21,0",cennzx,buyAsset,"[{""name"":""recipient"",""type"":""Option<AccountId>"",""value"":null},{""name"":""asset_to_sell"",""type"":""Compact<AssetId>"",""value"":1},{""name"":""asset_to_buy"",""type"":""Compact<AssetId>"",""value"":2},{""name"":""buy_amount"",""type"":""Compact<BalanceOf>"",""value"":100000000},{""name"":""maximum_sell"",""type"":""Compact<BalanceOf>"",""value"":35990934}]",NULL,5FxnzrocywKuypWxEUAj6woRw7TpBTYub4CToqXUzmRu9NGz,NULL,0x10dde63540c1ccc215aada8d27a0656ecb3ac56aed234d80cc28d69cbefc050c8869068a02e8064b77eebd6881fab9ba686d6559533c6213382f98845f851d8a,21,8605,0xca8837752bf0104da45c4ecbf94f9d5361f3a5360a0fd33ec2f5885d2aad3fb5,1,0,11987,1,NULL
2021-06-09 15:39:37.333419,2021-06-09 15:39:37.333419,6808417294662410242,7251057-1,7251057,1623253160,NULL,4,"21,2",cennzx,addLiquidity,"[{""name"":""asset_id"",""type"":""Compact<AssetId>"",""value"":1},{""name"":""min_liquidity"",""type"":""Compact<BalanceOf>"",""value"":0},{""name"":""max_asset_amount"",""type"":""Compact<BalanceOf>"",""value"":2712192},{""name"":""core_amount"",""type"":""Compact<BalanceOf>"",""value"":10000000}]",NULL,5HCG88Qo2WkCxxn1KDRBKyMsFi3VZ2wvwNQPXhLa9jYQYxep,NULL,0x8458e1bdf3a3f37d6c1bc8a7e2ec830614426e2507abdba028d6e5447f5bca02278845adc51454cb505365ee62fa42a5a7d655bdf2ba0706de5e2ed6c456d181,15,8606,0xa5c3771a871cbd6deaa42d0a4e06d0fa244e0fa20c50e5463146a706792aac71,1,0,11887,1,NULL
2021-06-10 07:07:50.725570,2021-06-10 07:07:50.725570,6808650889662472194,7262127-1,7262127,1623308855,NULL,4,"21,2",cennzx,addLiquidity,"[{""name"":""asset_id"",""type"":""Compact<AssetId>"",""value"":1},{""name"":""min_liquidity"",""type"":""Compact<BalanceOf>"",""value"":0},{""name"":""max_asset_amount"",""type"":""Compact<BalanceOf>"",""value"":107243},{""name"":""core_amount"",""type"":""Compact<BalanceOf>"",""value"":420000}]",NULL,5EUzL5Ncx1V9XuZJmZxviTswbgXeiJHdzjTwUndXCHpeN2aG,NULL,0x5e57f359ba9bb3abceecfdc5ba61c12f815a3c67a5c803e825c370e059872b73987feee07f8ce307a2fe47ae01eacb058062f05e5fefb8b79d09e867cb09e780,6,1602,0xa5ccb1f29967bcc4c88ffd79ce293d4be007f9b5c938b62b2d5f15027277ce3f,1,0,11887,1,NULL
2021-06-10 10:37:22.898555,2021-06-10 10:37:22.898555,6808703621190557698,7264623-1,7264623,1623321425,NULL,4,"21,2",cennzx,addLiquidity,"[{""name"":""asset_id"",""type"":""Compact<AssetId>"",""value"":1},{""name"":""min_liquidity"",""type"":""Compact<BalanceOf>"",""value"":0},{""name"":""max_asset_amount"",""type"":""Compact<BalanceOf>"",""value"":1918586449},{""name"":""core_amount"",""type"":""Compact<BalanceOf>"",""value"":3477458570}]",NULL,5HYq44vnf67tJHgWqQSQiL67T1Hgvw5tbRL9LFQakc3ApXjJ,NULL,0x9686e1de3fd4a181455ceb514e9325b0dac42377b40ebe80ab2783da47ac5752caeec6606e3c645858625e985ec19abaac6533ee2dcab0435d000b4a9c8c3085,16,A606,0xfe93dd9f403823d0aac7836fe05b399b143da5c0d0432730f1ba0e6567ec54c9,1,0,12087,1,NULL
2021-06-10 10:38:20.203137,2021-06-10 10:38:20.203137,6808703861553537026,7264635-1,7264635,1623321485,NULL,4,"21,2",cennzx,addLiquidity,"[{""name"":""asset_id"",""type"":""Compact<AssetId>"",""value"":1},{""name"":""min_liquidity"",""type"":""Compact<BalanceOf>"",""value"":0},{""name"":""max_asset_amount"",""type"":""Compact<BalanceOf>"",""value"":1918586449},{""name"":""core_amount"",""type"":""Compact<BalanceOf>"",""value"":3477458570}]",NULL,5HYq44vnf67tJHgWqQSQiL67T1Hgvw5tbRL9LFQakc3ApXjJ,NULL,0xca88f230c2a095ff335bb3c7ce9a5c42c66c7684be34ee5a824f449441f09c241f863c42def1581d24eb151fc032db2a91f465b408ecb808bb1446501229e483,17,5607,0x3a073f45daa02bb3ff2cf3c634ad8e75f327217231c382699424d8d8c3650440,1,0,12087,1,NULL
2021-06-10 10:39:27.026153,2021-06-10 10:39:27.026153,6808704141821124610,7264648-1,7264648,1623321550,NULL,4,"21,2",cennzx,addLiquidity,"[{""name"":""asset_id"",""type"":""Compact<AssetId>"",""value"":1},{""name"":""min_liquidity"",""type"":""Compact<BalanceOf>"",""value"":0},{""name"":""max_asset_amount"",""type"":""Compact<BalanceOf>"",""value"":1869867340},{""name"":""core_amount"",""type"":""Compact<BalanceOf>"",""value"":3384214418}]",NULL,5HYq44vnf67tJHgWqQSQiL67T1Hgvw5tbRL9LFQakc3ApXjJ,NULL,0xd025faee383dcd2e68e526110272e6bcc2553437bc68a264b320d67513cd043079d2282460727156a0a646c655d86033ce0d114491433da14c70d19aa6a04a8c,18,3600,0x637a784fbbfd1b217a6c4d532b5a29a075fb803595924f3d9677c555c0443760,1,0,12087,1,NULL
2021-06-10 11:21:55.380805,2021-06-10 11:21:55.380805,6808714830400888834,7265156-1,7265156,1623324100,NULL,4,"21,0",cennzx,buyAsset,"[{""name"":""recipient"",""type"":""Option<AccountId>"",""value"":null},{""name"":""asset_to_sell"",""type"":""Compact<AssetId>"",""value"":1},{""name"":""asset_to_buy"",""type"":""Compact<AssetId>"",""value"":2},{""name"":""buy_amount"",""type"":""Compact<BalanceOf>"",""value"":276222783},{""name"":""maximum_sell"",""type"":""Compact<BalanceOf>"",""value"":153786508}]",NULL,5DV1gb5RrcwobAXyo2ukig2SQSNtYoU8ix2ZL1qUGjM7sLC6,NULL,0x6a4b2169432cddb90e3e5c88108395c094b4e8ca05600bb7f39fd93ace8bd05f82211ea31840699e6b00a70c3ee2a6fbef4c6e05ccb00b951f6f7f429b27468a,24,7607,0x7422d84e2e0302a974afc9b89ed79b06fd14e4ac6ec01660918439077b9a0984,1,0,11987,1,NULL
2021-06-10 11:23:58.261180,2021-06-10 11:23:58.261180,6808715345792770050,7265180-1,7265180,1623324220,NULL,4,"21,0",cennzx,buyAsset,"[{""name"":""recipient"",""type"":""Option<AccountId>"",""value"":null},{""name"":""asset_to_sell"",""type"":""Compact<AssetId>"",""value"":1},{""name"":""asset_to_buy"",""type"":""Compact<AssetId>"",""value"":2},{""name"":""buy_amount"",""type"":""Compact<BalanceOf>"",""value"":276210796},{""name"":""maximum_sell"",""type"":""Compact<BalanceOf>"",""value"":153779283}]",NULL,5DV1gb5RrcwobAXyo2ukig2SQSNtYoU8ix2ZL1qUGjM7sLC6,NULL,0xcc62c452846ddb7fcdd36d2d5933a6ec765091a8482727d8d8fd222938f32e1ed6b2610c2dc5fed3f79111cf0303d354481a7bd8373fc85fa89bcb68fa0df282,25,6601,0xbe2542cba6fde509143944b0a0fd02bfe5d342a5666754f66be46504eaaf97bb,1,0,11987,1,NULL
2021-06-10 11:26:16.656016,2021-06-10 11:26:16.656016,6808715926263472130,7265208-1,7265208,1623324360,NULL,4,"21,0",cennzx,buyAsset,"[{""name"":""recipient"",""type"":""Option<AccountId>"",""value"":null},{""name"":""asset_to_sell"",""type"":""Compact<AssetId>"",""value"":1},{""name"":""asset_to_buy"",""type"":""Compact<AssetId>"",""value"":2},{""name"":""buy_amount"",""type"":""Compact<BalanceOf>"",""value"":276000000},{""name"":""maximum_sell"",""type"":""Compact<BalanceOf>"",""value"":153652236}]",NULL,5DV1gb5RrcwobAXyo2ukig2SQSNtYoU8ix2ZL1qUGjM7sLC6,NULL,0xe017b234552e34bea4b05639a4cf765b58c66d6aa32e9c420c72732eb9a72207ab3eb931233649406af6b12df2af36318149bc3198afd72203d6b816054bf081,26,E602,0xc84f341d89968d9025bbeb968dfa4264c17434e7ab70713f9ec32fda63b493a0,1,0,11987,1,NULL
2021-06-10 11:28:50.489331,2021-06-10 11:28:50.489331,6808716571490033666,7265239-1,7265239,1623324515,NULL,4,"21,0",cennzx,buyAsset,"[{""name"":""recipient"",""type"":""Option<AccountId>"",""value"":null},{""name"":""asset_to_sell"",""type"":""Compact<AssetId>"",""value"":1},{""name"":""asset_to_buy"",""type"":""Compact<AssetId>"",""value"":2},{""name"":""buy_amount"",""type"":""Compact<BalanceOf>"",""value"":270000000},{""name"":""maximum_sell"",""type"":""Compact<BalanceOf>"",""value"":150039091}]",NULL,5DV1gb5RrcwobAXyo2ukig2SQSNtYoU8ix2ZL1qUGjM7sLC6,NULL,0x2614fbf2d795379b815b037659e4413b36ac0a93beb667dfb4e4b2c628135e42675ec295885ce001e1fceac0cf426a79aa749b384afb4f62a19b4c7c62ff4587,27,2605,0x6ac577034180a04c5d03ee01d87513b7eeb1b1dd0ec7465b67ac36f3c71a861d,1,0,11987,1,NULL
2021-06-10 11:32:46.264436,2021-06-10 11:32:46.264436,6808717560406253570,7265286-1,7265286,1623324750,NULL,4,"21,1",cennzx,sellAsset,"[{""name"":""recipient"",""type"":""Option<AccountId>"",""value"":null},{""name"":""asset_to_sell"",""type"":""Compact<AssetId>"",""value"":1},{""name"":""asset_to_buy"",""type"":""Compact<AssetId>"",""value"":2},{""name"":""sell_amount"",""type"":""Compact<BalanceOf>"",""value"":80000000},{""name"":""minimum_buy"",""type"":""Compact<BalanceOf>"",""value"":79335960}]",NULL,5DV1gb5RrcwobAXyo2ukig2SQSNtYoU8ix2ZL1qUGjM7sLC6,NULL,0xdc711ce7e71568c589f58d2980a6ad6e5222173f00ba7efa5628fd903db8612315b8100bb82006ba137dd93f89f86d2079084c271d90d4b38d15d459d29bc98b,28,1600,0xaf45f209cec9ffce067e424f6a3cb3cafada5e8dd41b8c3a7fc23eb157dcd895,1,0,11987,1,NULL
2021-06-10 11:41:08.138868,2021-06-10 11:41:08.138868,6808719665384824834,7265386-1,7265386,1623325250,NULL,4,"21,0",cennzx,buyAsset,"[{""name"":""recipient"",""type"":""Option<AccountId>"",""value"":null},{""name"":""asset_to_sell"",""type"":""Compact<AssetId>"",""value"":1},{""name"":""asset_to_buy"",""type"":""Compact<AssetId>"",""value"":2},{""name"":""buy_amount"",""type"":""Compact<BalanceOf>"",""value"":276162848},{""name"":""maximum_sell"",""type"":""Compact<BalanceOf>"",""value"":153750384}]",NULL,5DV1gb5RrcwobAXyo2ukig2SQSNtYoU8ix2ZL1qUGjM7sLC6,NULL,0x9cc597c7742732b43f944721af72602a58a917e3e01e1d4eb9c412ba4c88fd721b52fa11ca4342de0b29e75b3e655cef8e31e368b9f4f2024d960e7665b94384,29,C605,0x8ce79c7bf5757d5641f7ef1466fd1f6049bc964459584f1d9e9fb0ceaa430474,1,0,11987,1,NULL
2021-06-10 23:31:45.282410,2021-06-10 23:31:45.282410,6808898498557698050,7273842-1,7273842,1623367890,NULL,4,"21,2",cennzx,addLiquidity,"[{""name"":""asset_id"",""type"":""Compact<AssetId>"",""value"":1},{""name"":""min_liquidity"",""type"":""Compact<BalanceOf>"",""value"":0},{""name"":""max_asset_amount"",""type"":""Compact<BalanceOf>"",""value"":324513269},{""name"":""core_amount"",""type"":""Compact<BalanceOf>"",""value"":1117300025}]",NULL,5HYq44vnf67tJHgWqQSQiL67T1Hgvw5tbRL9LFQakc3ApXjJ,NULL,0x700acfe95685ed169bfc5338f26ed7f4415b721b7044e7e5923e17da3a881877fd58da1e531f9441b795cb0f70a12db1ee5086ca555ea18dd6e6efafbcc1ee83,22,B606,0x3006750c8f201af9fa8b671240908cc2a996bd8d194f9e41a7f83f42e1be7dc3,1,0,11987,1,NULL
2021-06-10 23:33:12.050443,2021-06-10 23:33:12.050443,6808898862484873218,7273856-1,7273856,1623367970,NULL,4,"21,2",cennzx,addLiquidity,"[{""name"":""asset_id"",""type"":""Compact<AssetId>"",""value"":1},{""name"":""min_liquidity"",""type"":""Compact<BalanceOf>"",""value"":0},{""name"":""max_asset_amount"",""type"":""Compact<BalanceOf>"",""value"":322578227},{""name"":""core_amount"",""type"":""Compact<BalanceOf>"",""value"":1110902280}]",NULL,5HYq44vnf67tJHgWqQSQiL67T1Hgvw5tbRL9LFQakc3ApXjJ,NULL,0x16f430c0a1faab5af82ea4db182c40ab3dc060589d74368501d4366790ee3e411a44d178dd523c059f4153afb3e9073b956f8671066cff0c4474e161d295ae81,23,B607,0xc7a3f9bf3a2ce2f936b3c255bf8fad7ed581a0db05798c2fbe33b0baf4b3495a,1,0,11987,1,NULL
2021-06-10 23:35:45.665387,2021-06-10 23:35:45.665387,6808899506801270786,7273886-1,7273886,1623368130,NULL,4,"21,2",cennzx,addLiquidity,"[{""name"":""asset_id"",""type"":""Compact<AssetId>"",""value"":1},{""name"":""min_liquidity"",""type"":""Compact<BalanceOf>"",""value"":0},{""name"":""max_asset_amount"",""type"":""Compact<BalanceOf>"",""value"":122644556},{""name"":""core_amount"",""type"":""Compact<BalanceOf>"",""value"":416588355}]",NULL,5HYq44vnf67tJHgWqQSQiL67T1Hgvw5tbRL9LFQakc3ApXjJ,NULL,0x7cdec342c4b5e73cbb282d74bfe7647973d0e07338b1cec72255b13619018e5aafc6ddad3ac3d39071eb897857ba34e671588dce847a9a248ca4fb30e00f4d88,25,8601,0x38ac20df860b1861356055e9492521f2a1555c853f13e181c880f55f7ad229b5,1,0,11887,1,NULL
2021-06-12 01:46:59.322049,2021-06-12 01:46:59.322049,6809294919047847938,7284587-1,7284587,1623423775,NULL,4,"21,2",cennzx,addLiquidity,"[{""name"":""asset_id"",""type"":""Compact<AssetId>"",""value"":1},{""name"":""min_liquidity"",""type"":""Compact<BalanceOf>"",""value"":0},{""name"":""max_asset_amount"",""type"":""Compact<BalanceOf>"",""value"":9809491},{""name"":""core_amount"",""type"":""Compact<BalanceOf>"",""value"":37900000}]",NULL,5FxNxv7LSqZ8AaYeVEWRPcFeHjypaWSifc51uooFyjRSXBvH,NULL,0xbaf852f88c812e4ebdbe6a795910c8167fd920b08c87e4eb87a9fe36223c0d3942b0eb8c7db44cce974642d973fee33bcb0a8ee00f9a249f87bcefe7d2bb638c,1,2605,0x42ff9f7e057af4ca051ad9e3306e3c9e3aa00fc80637b640e979c463f2558429,1,0,11887,1,NULL
2021-06-12 05:50:29.107575,2021-06-12 05:50:29.107575,6809356196658642946,7291070-1,7291070,1623457135,NULL,4,"21,2",cennzx,addLiquidity,"[{""name"":""asset_id"",""type"":""Compact<AssetId>"",""value"":1},{""name"":""min_liquidity"",""type"":""Compact<BalanceOf>"",""value"":0},{""name"":""max_asset_amount"",""type"":""Compact<BalanceOf>"",""value"":1785000},{""name"":""core_amount"",""type"":""Compact<BalanceOf>"",""value"":6914420}]",NULL,5FREcbfNQmY62PAsvHkjsLMDYbrnqBY43zZKiRoBrLwLq2MB,NULL,0x3289942860fefe63e011beca7eceb517e8bcd2094adc125799cd466824a41d02f9dcf3eee116f82b6bb93905f53b7e97e4fe7945e2f3dfb88b86e073bedbda8b,0,603,0xa06bc198fda16bcc67fba5f850e41b00f10691e556112bb6ed73344973eabdbf,1,0,11887,1,NULL
2021-06-12 06:35:27.381171,2021-06-12 06:35:27.381171,6809367514153320448,7291359-1,7291359,1623458580,NULL,4,"21,2",cennzx,addLiquidity,"[{""name"":""asset_id"",""type"":""Compact<AssetId>"",""value"":1},{""name"":""min_liquidity"",""type"":""Compact<BalanceOf>"",""value"":0},{""name"":""max_asset_amount"",""type"":""Compact<BalanceOf>"",""value"":10501090},{""name"":""core_amount"",""type"":""Compact<BalanceOf>"",""value"":40677286}]",NULL,5HWR2qNoL1iDKuMtv4wNWKud3CaAYKNWAH2c8NYwCBLvL5VQ,NULL,0x861f8a8daa4dfa9a370b3a0a57f39ba555f8318bc869bcf3e8f74e2ecae26f4f8059ef7558df27b960b827c2233e642a8db80167f9b709b9cb12658ad34e8685,6,7605,0x4a496027f1cc441d3653b106dfdd130e7e4599dcd0a76135a4d0caaab7b513f1,1,0,11887,1,NULL
2021-06-12 15:04:42.222396,2021-06-12 15:04:42.222396,6809495670730358786,7301693-1,7301693,1623510265,NULL,4,"21,1",cennzx,sellAsset,"[{""name"":""recipient"",""type"":""Option<AccountId>"",""value"":null},{""name"":""asset_to_sell"",""type"":""Compact<AssetId>"",""value"":2},{""name"":""asset_to_buy"",""type"":""Compact<AssetId>"",""value"":1},{""name"":""sell_amount"",""type"":""Compact<BalanceOf>"",""value"":41754334},{""name"":""minimum_buy"",""type"":""Compact<BalanceOf>"",""value"":9751376}]",NULL,5Hmg13rpsWyVyGjU1PNzniNnqKp1Wwg8QhVU4yqEiB4jUA4j,NULL,0xe20f53d1d1ae2bfb707bb522eb621fbc41210106031443239339ec88c3c1970f80981a677e00b3222c4eccca0e978e99eb9b09407eae00309474b6a2ca13d28f,13,6603,0xc271e2a9cd91f55ec76d30a0a33550504fb930527e9c8bfdee95815fa339e809,1,0,11987,1,NULL
2021-06-13 06:18:29.376342,2021-06-13 06:18:29.376342,6809725632473300994,7312651-1,7312651,1623565095,NULL,4,"21,2",cennzx,addLiquidity,"[{""name"":""asset_id"",""type"":""Compact<AssetId>"",""value"":1},{""name"":""min_liquidity"",""type"":""Compact<BalanceOf>"",""value"":0},{""name"":""max_asset_amount"",""type"":""Compact<BalanceOf>"",""value"":31500000},{""name"":""core_amount"",""type"":""Compact<BalanceOf>"",""value"":117532134}]",NULL,5Cw4WrnAVy7U185dnwMwxMYeRbiiZz3kLyovZhZoB7ULyPJL,NULL,0x6a4e11fc931511381e0d1f14b26139f605c0b647c1bfd4628aabdecadbc96e309941e019b617f827819111adf86cecda6447eb716837c1ce8b7f048e5219538d,7,A606,0x7323b67a24beedaffe12d269f87fd70dfac32990dff1527abb4ac108ae989349,1,0,11887,1,NULL
2021-06-13 13:58:35.811624,2021-06-13 13:58:35.811624,6809841422258241538,7318168-1,7318168,1623592700,NULL,4,"21,3",cennzx,removeLiquidity,"[{""name"":""asset_id"",""type"":""Compact<AssetId>"",""value"":1},{""name"":""liquidity_to_withdraw"",""type"":""Compact<BalanceOf>"",""value"":0},{""name"":""min_asset_withdraw"",""type"":""Compact<BalanceOf>"",""value"":257499529},{""name"":""min_core_withdraw"",""type"":""Compact<BalanceOf>"",""value"":1098513118}]",NULL,5FxnzrocywKuypWxEUAj6woRw7TpBTYub4CToqXUzmRu9NGz,NULL,0x105cc02fcfef0e87082cdc862e5d12f8e98adf24b48b0268989ed6ac2712563beb7a3bfe05157de6084796e18ee48a50a675b3443613f66e3d3d57a3a09a8f86,27,1601,0xda261786f1498108a62abd98792687cf1de9c43b6cc27db916fadaaf58a72864,1,0,11987,1,NULL
2021-06-14 06:12:52.430414,2021-06-14 06:12:52.430414,6810086607084945410,7329854-1,7329854,1623651155,NULL,4,"21,2",cennzx,addLiquidity,"[{""name"":""asset_id"",""type"":""Compact<AssetId>"",""value"":1},{""name"":""min_liquidity"",""type"":""Compact<BalanceOf>"",""value"":0},{""name"":""max_asset_amount"",""type"":""Compact<BalanceOf>"",""value"":7421753},{""name"":""core_amount"",""type"":""Compact<BalanceOf>"",""value"":38000000}]",NULL,5GZMtB4NDGbyGXx65V7dWGa4AcV9ooHajkrwK9FH1cYoNNQH,NULL,0xa28ec6b66382a4a55911c632ec727fc0576db197dfdf7b0245557cbb97762520c03eace8f227e3ca80224cc93ba91b91ae7109ef87832e9eaf24a2c9a758ed81,4,A603,0x59c63030f3a03e332d396d7ce0cd2c3abd8b7fe4f62d2f1187300a69f457fb3b,1,0,11887,1,NULL
2021-06-14 06:13:28.097796,2021-06-14 06:13:28.097796,6810086756687380482,7329862-1,7329862,1623651195,NULL,4,"21,2",cennzx,addLiquidity,"[{""name"":""asset_id"",""type"":""Compact<AssetId>"",""value"":1},{""name"":""min_liquidity"",""type"":""Compact<BalanceOf>"",""value"":0},{""name"":""max_asset_amount"",""type"":""Compact<BalanceOf>"",""value"":7421753},{""name"":""core_amount"",""type"":""Compact<BalanceOf>"",""value"":38000000}]",NULL,5GZMtB4NDGbyGXx65V7dWGa4AcV9ooHajkrwK9FH1cYoNNQH,NULL,0x1a856350b5bd60f078ce56ccab9659f1d8a9d7e140fcb5cfc4a9404a1992a318e7db510668778561200e2c819283a8fe72034e5feaded47f6b2f205f72977986,5,2604,0xc89d3f8ae305eab4d5824292206e0a34a835b42477f8b3205a3420f93826c0c5,1,0,11887,1,NULL
2021-06-14 13:41:12.114539,2021-06-14 13:41:12.114539,6810199432545533954,7335232-1,7335232,1623678055,NULL,4,"21,1",cennzx,sellAsset,"[{""name"":""recipient"",""type"":""Option<AccountId>"",""value"":null},{""name"":""asset_to_sell"",""type"":""Compact<AssetId>"",""value"":1},{""name"":""asset_to_buy"",""type"":""Compact<AssetId>"",""value"":2},{""name"":""sell_amount"",""type"":""Compact<BalanceOf>"",""value"":42210000},{""name"":""minimum_buy"",""type"":""Compact<BalanceOf>"",""value"":30657296}]",NULL,5CkPyZwDPTwnd5yU8cM6Fp4usvS8ZBkgTzz5hSKf7BshJ4Bv,NULL,0x1865f104897fd496309c7a67801b6d5df954f3c40bcc41ca8f0d4d5b13f25e6738801c5079b921799dc3b0d50c70c494599e3320b756d754724d56c4bb84178c,8,7603,0xa6477a46e3e11f01148dc8d8a6cb723bd86f1aba24add3eb4308ca5becf78ce4,1,0,11987,1,NULL
2021-06-14 13:43:04.661686,2021-06-14 13:43:04.661686,6810199904601866242,7335255-1,7335255,1623678170,NULL,4,"21,2",cennzx,addLiquidity,"[{""name"":""asset_id"",""type"":""Compact<AssetId>"",""value"":1},{""name"":""min_liquidity"",""type"":""Compact<BalanceOf>"",""value"":0},{""name"":""max_asset_amount"",""type"":""Compact<BalanceOf>"",""value"":84158503},{""name"":""core_amount"",""type"":""Compact<BalanceOf>"",""value"":197780000}]",NULL,5CkPyZwDPTwnd5yU8cM6Fp4usvS8ZBkgTzz5hSKf7BshJ4Bv,NULL,0xf4369caac7c7ffd4934ec21d1c65adc22d580b606505776ffd7058d11d16c3108d3870404f9dcdafd8c0ce2a3470fa7d9fa2a71c9b7838c944895a02c87dfc81,9,3605,0x3df9947c3f06c4d306ae48066ea0200ddcbc3f333341230789baf13ec67a5157,1,0,11887,1,NULL
2021-06-14 14:27:41.651632,2021-06-14 14:27:41.651632,6810211132707536898,7335790-1,7335790,1623680845,NULL,4,"21,2",cennzx,addLiquidity,"[{""name"":""asset_id"",""type"":""Compact<AssetId>"",""value"":1},{""name"":""min_liquidity"",""type"":""Compact<BalanceOf>"",""value"":0},{""name"":""max_asset_amount"",""type"":""Compact<BalanceOf>"",""value"":5577930},{""name"":""core_amount"",""type"":""Compact<BalanceOf>"",""value"":13200000}]",NULL,5EkRVgYCWHsaAC4Sq6Qv5d6aJnkzB76eSxvnyEsxuAaEeNmH,NULL,0x46ffc0bf8fb533676e03daf27f2a5a8bb2fe91c4c3cb067049ac09cc136e5e4d94638fef75844f28d35f6b0268314afed1bcf1da7f99fe96aaf86ecec4277286,8,9606,0xce20e53598b37d15d9a16df2f39ed7249c1e9cdc36b62c386f05c361781dde9a,1,0,11887,1,NULL
2021-06-14 14:28:48.379750,2021-06-14 14:28:48.379750,6810211412585054210,7335804-1,7335804,1623680915,NULL,4,"21,2",cennzx,addLiquidity,"[{""name"":""asset_id"",""type"":""Compact<AssetId>"",""value"":1},{""name"":""min_liquidity"",""type"":""Compact<BalanceOf>"",""value"":0},{""name"":""max_asset_amount"",""type"":""Compact<BalanceOf>"",""value"":5577930},{""name"":""core_amount"",""type"":""Compact<BalanceOf>"",""value"":13200000}]",NULL,5EkRVgYCWHsaAC4Sq6Qv5d6aJnkzB76eSxvnyEsxuAaEeNmH,NULL,0x2614ce1d8ef16e7ea782ea47b54793c70843b1a37df8dcc3ee1a3622c251b776dfccf36a049e102d538707f6cb6529823221dc0d486f9e0918911bdf5469c58d,9,7607,0x5281147c17ed02f163fabc9dd9e2d243a95a27e6a43018088e997495976642ed,1,0,11887,1,NULL
2021-06-14 14:29:49.978759,2021-06-14 14:29:49.978759,6810211670954180610,7335816-1,7335816,1623680975,NULL,4,"21,2",cennzx,addLiquidity,"[{""name"":""asset_id"",""type"":""Compact<AssetId>"",""value"":1},{""name"":""min_liquidity"",""type"":""Compact<BalanceOf>"",""value"":0},{""name"":""max_asset_amount"",""type"":""Compact<BalanceOf>"",""value"":5493417},{""name"":""core_amount"",""type"":""Compact<BalanceOf>"",""value"":13000000}]",NULL,5EkRVgYCWHsaAC4Sq6Qv5d6aJnkzB76eSxvnyEsxuAaEeNmH,NULL,0xe64ea13365a910d81324fb54df4de55cdbd8a07b250aa6be473aa2fc22c5434b3c0127b5267cad7b2fa2f36f56e0447086997c16ce1ee359386c6a2febf5518d,10,2600,0xfa7049cb2bbbc972fa4c72d085b1c9214d1e35057916cbf63f66437801eb16e3,1,0,11887,1,NULL
2021-06-14 14:30:46.477863,2021-06-14 14:30:46.477863,6810211907898802177,7335827-1,7335827,1623681030,NULL,4,"21,2",cennzx,addLiquidity,"[{""name"":""asset_id"",""type"":""Compact<AssetId>"",""value"":1},{""name"":""min_liquidity"",""type"":""Compact<BalanceOf>"",""value"":0},{""name"":""max_asset_amount"",""type"":""Compact<BalanceOf>"",""value"":5577930},{""name"":""core_amount"",""type"":""Compact<BalanceOf>"",""value"":13200000}]",NULL,5EkRVgYCWHsaAC4Sq6Qv5d6aJnkzB76eSxvnyEsxuAaEeNmH,NULL,0x12a91b9f58501206c3bbd826359c4c1c2ad87ea9ce6237cc779c590abe793e1de736833f24db18bdcd0b754045a0d1958a800f21db11ee090aea489114e98b86,11,E600,0xe382c8e82e989c72d16251482b31ad3a3f3b5cd049aec53ed7febe2d898bcaa7,1,0,11887,1,NULL
2021-06-14 14:33:25.394478,2021-06-14 14:33:25.394478,6810212574474371074,7335858-1,7335858,1623681185,NULL,4,"21,2",cennzx,addLiquidity,"[{""name"":""asset_id"",""type"":""Compact<AssetId>"",""value"":1},{""name"":""min_liquidity"",""type"":""Compact<BalanceOf>"",""value"":0},{""name"":""max_asset_amount"",""type"":""Compact<BalanceOf>"",""value"":5577930},{""name"":""core_amount"",""type"":""Compact<BalanceOf>"",""value"":13200000}]",NULL,5EkRVgYCWHsaAC4Sq6Qv5d6aJnkzB76eSxvnyEsxuAaEeNmH,NULL,0xe6916762dd0da36705c864253ca2176f9dd87910e9765bdb7faa7df6e061cb7207cc14c7d72e3d89bdb36650eb1437a3cdedf6114ed360a106130072dc35f888,12,D602,0xa4928e0127b04109f7ecdd55778fb070cd271875c532d4d386f8a6e4c2184be8,1,0,11887,1,NULL
2021-06-14 14:39:49.991226,2021-06-14 14:39:49.991226,6810214187586912258,7335936-1,7335936,1623681575,NULL,4,"21,2",cennzx,addLiquidity,"[{""name"":""asset_id"",""type"":""Compact<AssetId>"",""value"":1},{""name"":""min_liquidity"",""type"":""Compact<BalanceOf>"",""value"":0},{""name"":""max_asset_amount"",""type"":""Compact<BalanceOf>"",""value"":5460000},{""name"":""core_amount"",""type"":""Compact<BalanceOf>"",""value"":12920921}]",NULL,5EkRVgYCWHsaAC4Sq6Qv5d6aJnkzB76eSxvnyEsxuAaEeNmH,NULL,0xdcf63a2f61e1c37a54e33584d68d959d62bd88f30c2297cb73e05ffdb98b1338784e78e67fe0906b68acb1f4bc1ef847773dd2be80440281ec751e21b1c96989,13,A607,0x51060a881aa8c3253ed7e70516d95ee828c84536c46ee83c6d836d26ddb04cc2,1,0,11887,1,NULL
2021-06-14 15:24:21.513359,2021-06-14 15:24:21.513359,6810225392762322946,7336470-1,7336470,1623684245,NULL,4,"21,2",cennzx,addLiquidity,"[{""name"":""asset_id"",""type"":""Compact<AssetId>"",""value"":1},{""name"":""min_liquidity"",""type"":""Compact<BalanceOf>"",""value"":0},{""name"":""max_asset_amount"",""type"":""Compact<BalanceOf>"",""value"":5493417},{""name"":""core_amount"",""type"":""Compact<BalanceOf>"",""value"":13000000}]",NULL,5EkRVgYCWHsaAC4Sq6Qv5d6aJnkzB76eSxvnyEsxuAaEeNmH,NULL,0x66080c1cde9a991aeb0d37e7a8896dbdc60caeb91315250b02f43218695fd1668644be1009d76f7f1c21277bf91bc332ef822f1dab81d74fb911407bf5fa1e8b,14,601,0xd9099c2be2fe5d9b959e7bae8a1d90905733b86b63a6e5e1b782d9fb386befd9,1,0,11887,1,NULL
2021-06-14 15:28:37.811140,2021-06-14 15:28:37.811140,6810226467754049538,7336521-1,7336521,1623684500,NULL,4,"21,2",cennzx,addLiquidity,"[{""name"":""asset_id"",""type"":""Compact<AssetId>"",""value"":1},{""name"":""min_liquidity"",""type"":""Compact<BalanceOf>"",""value"":0},{""name"":""max_asset_amount"",""type"":""Compact<BalanceOf>"",""value"":5493417},{""name"":""core_amount"",""type"":""Compact<BalanceOf>"",""value"":13000000}]",NULL,5EkRVgYCWHsaAC4Sq6Qv5d6aJnkzB76eSxvnyEsxuAaEeNmH,NULL,0x3a292b05609419a9028342d682e47d4b048f5e0cc1c3d8d62350d00207a5bd785860477b760ab56fd5f7e938aadfbee0b3837324f14ec09eb2e025ad898b2080,15,4604,0x267ffb59c95c2599b80a1c24ed42f653eb67404e40250f8e24165b412824a1bb,1,0,11887,1,NULL
2021-06-15 08:43:57.619384,2021-06-15 08:43:57.619384,6810487017113436160,7348917-1,7348917,1623746620,NULL,4,"21,1",cennzx,sellAsset,"[{""name"":""recipient"",""type"":""Option<AccountId>"",""value"":null},{""name"":""asset_to_sell"",""type"":""Compact<AssetId>"",""value"":2},{""name"":""asset_to_buy"",""type"":""Compact<AssetId>"",""value"":1},{""name"":""sell_amount"",""type"":""Compact<BalanceOf>"",""value"":15000000},{""name"":""minimum_buy"",""type"":""Compact<BalanceOf>"",""value"":4769688}]",NULL,5CXXWPJN51wG8MqQaHPtotjWDCfLe1KNgW2SrjWNUe5WJJ1P,NULL,0x7eb351e1d613a3d555125219dfd6adec42168b13e53ee0b1da80b0a0c16da77e62e3e01be460e320d83377add5a40083a0ab8b2179eafbcd793682391e994081,0,C602,0x8f3f280f72f4e3e62f21ba36d2fb87bb3ffd7f992b822f6185ef8ac8ced8532d,1,0,11987,1,NULL